Row,Pot,Cluster,Weight,BER,Date
A,1,2,80.3,1,7/18/2023
A,1,2,116.9,1,7/18/2023
B,1,2,58.7,1,7/18/2023
B,1,2,29.4,1,7/18/2023
B,1,1,96.2,1,7/18/2023
B,1,1,91.7,1,7/18/2023
B,1,1,79.9,1,7/18/2023
B,3,3,81.2,1,7/18/2023
B,3,1,88.4,1,7/18/2023
B,3,1,69,1,7/18/2023
B,4,2,102.3,1,7/18/2023
B,3,3,114.4,1,7/18/2023
B,3,3,73.8,1,7/18/2023
A,3,1,205.7,1,7/18/2023
A,5,1,122.9,1,7/18/2023
B,5,1,171.5,1,7/18/2023
B,5,2,116.9,1,7/18/2023
A,4,1,38.3,1,7/18/2023
A,4,3,41.3,1,7/18/2023
A,6,1,174.6,1,7/18/2023
B,5,2,131.2,1,7/18/2023
B,6,3,83.4,1,7/18/2023
B,7,2,105.6,1,7/18/2023
B,7,2,115.5,1,7/18/2023
B,7,1,127.2,1,7/18/2023
B,7,3,109.7,1,7/18/2023
A,7,1,115.9,1,7/18/2023
A,7,3,75.4,1,7/18/2023
A,7,3,61.8,1,7/18/2023
A,8,2,56.5,1,7/18/2023
B,8,3,105,1,7/18/2023
C,1,1,81.9,1,7/18/2023
C,1,3,68.8,1,7/18/2023
C,1,2,66.6,1,7/18/2023
C,1,4,82.7,1,7/18/2023
C,1,4,117.6,1,7/18/2023
C,3,3,112,1,7/18/2023
C,3,3,99.3,1,7/18/2023
D,3,1,142.9,1,7/18/2023
C,4,1,107.8,1,7/18/2023
C,4,2,67.7,1,7/18/2023
D,1,1,58.9,1,7/18/2023
D,1,4,29.7,1,7/18/2023
C,4,4,124.1,1,7/18/2023
C,4,4,108.2,1,7/18/2023
D,1,4,40.9,1,7/18/2023
D,2,3,63.5,1,7/18/2023
D,3,1,120.1,1,7/18/2023
C,4,5,72.2,1,7/18/2023
D,5,2,138.6,1,7/18/2023
D,4,2,71.6,1,7/18/2023
D,4,3,103,1,7/18/2023
C,6,1,114.7,1,7/18/2023
D,6,2,112.8,1,7/18/2023
D,6,2,93.3,1,7/18/2023
D,7,1,51.1,1,7/18/2023
D,7,2,121.3,1,7/18/2023
D,7,2,98.7,1,7/18/2023
D,7,3,169.1,1,7/18/2023
D,7,4,59.4,1,7/18/2023
D,7,4,62.4,1,7/18/2023
D,6,3,54.7,1,7/18/2023
C,7,2,18.5,1,7/18/2023
C,7,3,15.3,1,7/18/2023
D,8,3,34,1,7/18/2023
D,8,4,32.6,1,7/18/2023
D,8,4,33.7,1,7/18/2023
D,8,5,81.2,1,7/18/2023
D,8,6,52.7,1,7/18/2023
C,8,1,64.7,1,7/18/2023
C,8,2,48.9,1,7/18/2023
C,8,3,24.5,1,7/18/2023
B,1,2,92.3,1,7/20/2023
A,1,2,57.7,1,7/20/2023
A,1,3,108.8,1,7/20/2023
B,2,1,87.9,1,7/20/2023
A,2,2,234.1,1,7/20/2023
B,3,3,69.4,1,7/20/2023
A,3,3,162.3,1,7/20/2023
A,4,1,70.3,1,7/20/2023
A,4,1,72.8,1,7/20/2023
A,4,3,101.1,1,7/20/2023
B,5,2,98.4,1,7/20/2023
A,7,2,52.3,1,7/20/2023
A,7,2,83.1,1,7/20/2023
A,7,2,81.5,1,7/20/2023
B,8,1,101.2,1,7/20/2023
A,8,2,60.4,1,7/20/2023
A,8,3,67.1,1,7/20/2023
D,1,3,84.3,1,7/20/2023
D,1,4,64.3,1,7/20/2023
D,1,4,56.2,1,7/20/2023
D,1,4,52,1,7/20/2023
D,1,5,62.2,1,7/20/2023
C,2,1,43.6,1,7/20/2023
C,3,1,163.2,1,7/20/2023
D,4,3,74.6,1,7/20/2023
D,4,4,79.6,1,7/20/2023
C,4,4,85,1,7/20/2023
C,4,5,109.4,1,7/20/2023
C,4,5,104.1,1,7/20/2023
D,2,1,122.3,1,7/20/2023
D,2,3,82.7,1,7/20/2023
D,2,3,95,1,7/20/2023
D,3,4,81.2,1,7/20/2023
D,3,4,73.1,1,7/20/2023
D,6,2,67.9,1,7/20/2023
D,6,2,67.1,1,7/20/2023
D,6,3,63.5,1,7/20/2023
D,6,4,102.2,1,7/20/2023
B,1,1,123.4,1,7/25/2023
B,1,2,180.1,1,7/25/2023
A,1,1,174.9,0,7/25/2023
A,1,2,215.1,1,7/25/2023
A,6,1,339.1,0,7/25/2023
A,6,1,171.6,0,7/25/2023
A,6,2,233.2,0,7/25/2023
A,2,1,70.8,1,7/25/2023
B,3,3,142.3,1,7/25/2023
B,3,4,90,1,7/25/2023
B,5,1,167.1,0,7/25/2023
B,5,3,77,1,7/25/2023
B,5,3,108.3,1,7/25/2023
B,6,1,280.8,1,7/25/2023
B,7,1,173.4,1,7/25/2023
B,7,3,92.7,1,7/25/2023
A,4,1,76.7,1,7/25/2023
A,5,1,225.7,1,7/25/2023
A,7,1,95.8,1,7/25/2023
A,7,4,159.3,1,7/25/2023
B,8,1,150.7,0,7/25/2023
B,8,3,187.6,1,7/25/2023
B,8,3,212,0,7/25/2023
B,8,4,178.5,1,7/25/2023
B,8,5,98.8,1,7/25/2023
A,8,1,192.9,0,7/25/2023
A,8,2,210,1,7/25/2023
A,8,5,92.5,1,7/25/2023
C,1,1,47.2,1,7/25/2023
C,1,3,46.6,1,7/25/2023
C,1,4,77.5,1,7/25/2023
C,3,1,146.4,0,7/25/2023
C,3,2,145.8,0,7/25/2023
C,3,2,195,1,7/25/2023
D,4,6,81.1,1,7/25/2023
C,4,5,84.8,1,7/25/2023
D,5,4,83.4,1,7/25/2023
D,5,5,115.1,1,7/25/2023
D,5,6,67.1,1,7/25/2023
D,5,8,45.4,1,7/25/2023
D,7,1,200.9,1,7/25/2023
C,6,1,257.1,0,7/25/2023
C,6,1,239.9,0,7/25/2023
C,6,2,201.9,0,7/25/2023
C,7,1,51.8,1,7/25/2023
D,1,3,32.1,1,7/25/2023
D,1,4,50.8,1,7/25/2023
C,7,2,66.8,1,7/25/2023
C,7,2,83.5,1,7/25/2023
C,7,3,56.9,1,7/25/2023
C,7,3,85.4,1,7/25/2023
D,6,5,121.3,1,7/25/2023
D,8,1,26.3,1,7/25/2023
D,8,1,15.7,1,7/25/2023
D,8,1,37.4,1,7/25/2023
D,8,4,44.9,1,7/25/2023
D,8,6,46.5,1,7/25/2023
D,6,4,80.2,1,7/25/2023
D,8,3,31.2,1,7/25/2023
D,8,3,44.7,1,7/25/2023
D,8,3,13.2,1,7/25/2023
D,8,3,23.9,1,7/25/2023
D,3,6,49.1,1,7/25/2023
D,2,1,190.8,1,7/25/2023
D,2,2,170.2,1,7/25/2023
D,3,1,285,1,7/25/2023
D,3,1,229.9,1,7/25/2023
D,3,3,88.6,1,7/25/2023
D,3,3,102.3,1,7/25/2023
D,3,5,58.3,1,7/25/2023
D,4,2,32.7,1,7/25/2023
D,4,3,95.1,1,7/25/2023
D,6,2,132.1,1,7/25/2023
D,6,3,84.3,1,7/25/2023
D,6,4,71.1,1,7/25/2023
D,7,5,83.8,1,7/25/2023
D,8,4,22.2,1,7/25/2023
D,8,5,56.2,1,7/25/2023
D,8,5,55.1,1,7/25/2023
C,8,2,68.9,1,7/25/2023
C,8,3,76.8,1,7/25/2023
C,8,3,48.2,1,7/25/2023
C,8,4,51.8,1,7/25/2023
C,8,5,57.6,1,7/25/2023
B,1,5,58.1,1,7/27/2023
A,5,1,289,0,7/27/2023
B,3,4,106.6,1,7/27/2023
B,5,5,82.2,1,7/27/2023
B,3,1,158.8,1,7/27/2023
B,3,1,204.2,0,7/27/2023
B,4,4,120,1,7/27/2023
B,7,1,169.2,0,7/27/2023
B,7,3,92.7,1,7/27/2023
B,7,2,164.9,0,7/27/2023
B,8,1,181.7,1,7/27/2023
B,8,5,45.8,1,7/27/2023
A,8,1,222.1,1,7/27/2023
C,1,2,34.5,1,7/27/2023
C,1,3,69.5,1,7/27/2023
C,3,2,175.9,0,7/27/2023
C,4,1,139.8,1,7/27/2023
C,6,2,266,0,7/27/2023
B,1,3,93.1,1,7/27/2023
B,1,3,61.2,1,7/27/2023
A,6,2,142.8,0,7/27/2023
A,6,2,244.3,0,7/27/2023
C,6,1,231.6,0,7/27/2023
C,7,1,27,1,7/27/2023
C,7,3,96.8,1,7/27/2023
C,8,6,41.4,1,7/27/2023
C,7,2,91.6,1,7/27/2023
D,7,4,61.8,1,7/27/2023
D,7,4,71,1,7/27/2023
D,8,5,64.9,1,7/27/2023
D,8,5,21.8,1,7/27/2023
D,8,6,54.1,1,7/27/2023
C,8,3,47.3,1,7/27/2023
B,2,1,191.1,0,7/27/2023
B,3,1,184.4,0,7/27/2023
B,1,1,181.8,0,8/1/2023
B,1,3,53.7,1,8/1/2023
A,1,2,117.7,1,8/1/2023
A,1,2,238.4,0,8/1/2023
A,1,3,93,1,8/1/2023
A,1,3,138.2,1,8/1/2023
A,1,4,163.5,1,8/1/2023
B,2,1,244.2,0,8/1/2023
A,2,1,171.3,0,8/1/2023
A,2,2,195.6,0,8/1/2023
A,2,3,116.5,1,8/1/2023
B,3,4,74.1,1,8/1/2023
A,5,4,131.6,1,8/1/2023
B,8,5,52.5,1,8/1/2023
B,5,1,127.3,0,8/1/2023
B,6,1,124.5,0,8/1/2023
A,7,1,129.8,0,8/1/2023
B,8,3,264.6,0,8/1/2023
B,8,4,70.3,1,8/1/2023
A,8,1,235.1,0,8/1/2023
C,1,1,100.1,1,8/1/2023
D,1,2,31.2,1,8/1/2023
C,1,5,36,1,8/1/2023
C,3,1,167.1,0,8/1/2023
D,1,3,22.4,1,8/1/2023
C,3,4,178.6,1,8/1/2023
C,4,3,27.5,1,8/1/2023
D,2,5,60.8,1,8/1/2023
D,3,4,83.6,1,8/1/2023
D,3,4,71.5,1,8/1/2023
D,4,1,129.7,0,8/1/2023
D,4,1,102.8,0,8/1/2023
D,4,3,112.6,1,8/1/2023
D,5,2,182,0,8/1/2023
D,5,2,222.2,0,8/1/2023
C,5,1,52.9,1,8/1/2023
C,5,3,54.7,1,8/1/2023
C,5,3,65.6,1,8/1/2023
D,6,1,112,0,8/1/2023
C,4,6,58.4,1,8/1/2023
D,7,4,40.1,1,8/1/2023
D,7,5,48.1,1,8/1/2023
D,8,2,44,1,8/1/2023
D,8,4,63.8,1,8/1/2023
D,8,6,65.6,1,8/1/2023
C,8,5,42.5,1,8/1/2023
B,1,2,72,1,8/3/2023
A,1,1,234.1,0,8/3/2023
B,2,3,218.9,0,8/3/2023
B,2,3,155.2,0,8/3/2023
A,7,4,222.4,1,8/3/2023
A,7,5,239.1,1,8/3/2023
A,3,3,334.8,0,8/3/2023
B,4,2,144.7,1,8/3/2023
B,5,3,155.5,1,8/3/2023
A,5,3,293.1,0,8/3/2023
A,5,4,257.4,0,8/3/2023
B,7,1,85.4,0,8/3/2023
B,7,1,41.1,0,8/3/2023
B,7,2,130,0,8/3/2023
A,8,3,190.8,1,8/3/2023
A,8,4,144.4,1,8/3/2023
A,5,2,285.6,0,8/3/2023
B,6,2,234.1,0,8/3/2023
B,6,4,235.7,1,8/3/2023
D,1,6,36,1,8/3/2023
C,3,4,194.1,1,8/3/2023
D,5,4,167.5,1,8/3/2023
D,5,5,131.8,1,8/3/2023
C,8,5,85.3,1,8/3/2023
C,8,8,5.7,1,8/3/2023
D,8,6,82.6,1,8/3/2023
D,7,7,50.3,1,8/3/2023
D,4,2,117,1,8/3/2023
D,5,3,175.8,0,8/3/2023
D,6,4,59.1,1,8/3/2023
B,2,2,275.6,1,8/4/2023
B,2,1,108.2,0,8/4/2023
B,2,5,218.3,1,8/4/2023
B,2,5,236.6,0,8/4/2023
A,2,2,171.5,0,8/4/2023
A,2,3,172.2,0,8/4/2023
B,3,2,138.5,0,8/4/2023
B,4,1,216,1,8/4/2023
B,4,2,185.3,0,8/4/2023
B,6,3,240.3,0,8/4/2023
B,7,1,183.4,0,8/4/2023
B,7,3,191.8,1,8/4/2023
A,4,4,183.1,0,8/4/2023
A,7,5,232.9,0,8/4/2023
C,1,3,43.3,1,8/4/2023
D,4,3,161.4,0,8/4/2023
C,5,4,46.8,1,8/4/2023
C,4,5,93,1,8/4/2023
D,8,4,81.7,1,8/4/2023
D,1,5,26.9,1,8/4/2023
C,6,5,56.5,1,8/4/2023
D,6,7,57.2,1,8/4/2023
D,6,7,35.9,1,8/4/2023
B,1,1,34.2,1,8/7/2023
B,1,1,50.1,1,8/7/2023
B,1,5,40.7,1,8/7/2023
A,1,6,56.2,1,8/7/2023
A,2,5,189.9,0,8/7/2023
B,3,6,220.6,1,8/7/2023
A,4,4,180.8,1,8/7/2023
A,4,2,178.4,0,8/7/2023
A,4,3,104,0,8/7/2023
A,6,1,61.3,1,8/7/2023
A,6,3,317.9,0,8/7/2023
A,6,4,182.5,0,8/7/2023
B,8,4,46.9,1,8/7/2023
B,8,4,32.1,1,8/7/2023
B,8,4,35.1,1,8/7/2023
B,2,1,156,0,8/7/2023
B,2,2,111.6,0,8/7/2023
B,3,4,215.3,1,8/7/2023
B,3,4,186.6,1,8/7/2023
B,4,,156.6,1,8/7/2023
B,4,2,101.1,0,8/7/2023
A,4,4,203.7,1,8/7/2023
B,5,3,194.8,1,8/7/2023
B,6,1,160.4,0,8/7/2023
B,6,3,200.6,0,8/7/2023
A,7,1,41.3,1,8/7/2023
B,8,3,103,1,8/7/2023
A,8,2,194.9,0,8/7/2023
A,8,3,26.3,1,8/7/2023
A,8,3,48.3,1,8/7/2023
A,8,7,26,1,8/7/2023
A,8,8,27.3,1,8/7/2023
A,8,9,27.2,1,8/7/2023
A,8,10,31.9,1,8/7/2023
C,1,4,41.5,1,8/7/2023
D,1,2,110.1,1,8/7/2023
C,1,6,63.2,1,8/7/2023
D,1,8,28.3,1,8/7/2023
C,3,3,219.2,1,8/7/2023
C,3,4,180.3,1,8/7/2023
C,4,3,28.3,1,8/7/2023
C,4,3,33.3,1,8/7/2023
C,4,5,59.3,1,8/7/2023
C,4,5,35.3,1,8/7/2023
C,4,5,47.4,1,8/7/2023
D,4,2,77.3,1,8/7/2023
C,4,6,49.5,1,8/7/2023
D,5,7,35,1,8/7/2023
C,6,5,44.2,1,8/7/2023
C,5,4,80.8,0,8/7/2023
C,8,2,136.1,1,8/7/2023
C,8,2,70.8,1,8/7/2023
C,8,4,36.3,1,8/7/2023
C,8,3,125.1,1,8/7/2023
D,2,3,37.7,1,8/7/2023
D,3,2,254.3,1,8/7/2023
D,3,1,90.8,1,8/7/2023
D,5,2,80,1,8/7/2023
D,5,7,43.1,1,8/7/2023
B,1,4,95.5,1,8/10/2023
B,2,1,135.6,0,8/10/2023
A,2,1,100.4,0,8/10/2023
A,2,3,153.5,1,8/10/2023
B,4,2,197.6,0,8/10/2023
B,3,2,155.4,0,8/10/2023
B,4,3,90.3,0,8/10/2023
A,5,1,214,0,8/10/2023
A,7,4,113.1,1,8/10/2023
A,7,1,102.2,0,8/10/2023
B,5,1,119.7,0,8/10/2023
B,5,2,116.2,1,8/10/2023
B,6,2,205.1,0,8/10/2023
B,6,1,95,0,8/10/2023
B,6,1,147.9,0,8/10/2023
B,8,1,71.8,1,8/10/2023
B,8,2,51.5,1,8/10/2023
B,8,3,51.2,1,8/10/2023
A,8,2,151.7,1,8/10/2023
C,1,1,35.9,0,8/10/2023
C,1,2,37.5,1,8/10/2023
C,1,3,85.1,1,8/10/2023
D,1,3,93.4,1,8/10/2023
D,3,4,85.7,1,8/10/2023
C,3,2,110.7,1,8/10/2023
D,4,3,95.3,1,8/10/2023
C,5,4,172,0,8/10/2023
C,5,2,160.1,0,8/10/2023
C,5,1,61.5,0,8/10/2023
C,5,1,74.3,0,8/10/2023
C,5,1,99.8,0,8/10/2023
C,5,3,105.4,0,8/10/2023
D,5,3,90.3,1,8/10/2023
D,7,,103.5,1,8/10/2023
C,7,1,160.2,0,8/10/2023
D,8,5,35.4,1,8/10/2023
D,8,5,48.2,1,8/10/2023
D,8,5,24.9,1,8/10/2023
C,8,6,84.1,1,8/10/2023
C,8,7,44,1,8/10/2023
B,1,1,177.4,0,8/16/2023
A,1,1,125.3,0,8/16/2023
B,1,8,41.9,1,8/16/2023
A,1,4,149.6,0,8/16/2023
D,1,3,41.8,1,8/16/2023
D,1,4,88.3,1,8/16/2023
D,2,3,60.3,1,8/16/2023
D,2,5,33,1,8/16/2023
D,3,4,63.7,1,8/16/2023
D,4,6,39.5,1,8/16/2023
D,4,7,87.9,1,8/16/2023
C,2,1,115,0,8/16/2023
C,1,1,24.8,1,8/16/2023
C,4,2,125.3,1,8/16/2023
C,4,5,51.3,1,8/16/2023
D,5,1,105.7,1,8/16/2023
D,5,2,71.3,1,8/16/2023
D,5,3,66.3,1,8/16/2023
D,5,6,68.9,1,8/16/2023
D,5,4,48.5,0,8/16/2023
C,5,2,175.3,0,8/16/2023
B,3,1,154.2,0,8/16/2023
C,5,1,21.1,1,8/16/2023
C,5,1,48.4,0,8/16/2023
A,4,1,127.2,0,8/16/2023
A,5,2,72.6,1,8/16/2023
A,5,6,62.9,1,8/16/2023
B,7,1,158.8,1,8/16/2023
B,7,1,158.9,0,8/16/2023
B,8,1,33.7,1,8/16/2023
B,5,1,143.2,0,8/16/2023
B,7,2,58.3,1,8/16/2023
D,4,5,26.5,1,8/16/2023
B,7,1,196.2,0,8/16/2023
D,8,2,39.5,1,8/16/2023
D,8,2,43.5,1,8/16/2023
B,7,1,113.3,0,8/16/2023
C,5,2,159.2,1,8/16/2023
D,5,1,100.3,1,8/16/2023
A,8,12,26.1,1,8/16/2023
A,8,3,143.8,0,8/16/2023
D,7,3,24.5,1,8/16/2023
C,7,1,246.7,0,8/16/2023
D,6,5,77.9,1,8/16/2023
D,6,5,82.4,1,8/16/2023
D,7,2,59.5,1,8/16/2023
C,8,11,34.1,1,8/16/2023
C,8,7,53.7,1,8/16/2023
C,8,5,96.1,0,8/16/2023
D,8,4,78.1,1,8/16/2023
C,7,1,80.6,1,8/16/2023
D,7,3,78.4,1,8/16/2023
B,4,5,27.1,1,8/16/2023
D,8,2,44.7,1,8/16/2023
D,7,2,58.8,1,8/16/2023
D,7,3,75.2,1,8/16/2023
D,7,2,138.4,0,8/16/2023
B,1,1,117.1,1,8/21/2023
B,1,2,161.1,1,8/21/2023
B,1,3,91.3,1,8/21/2023
A,1,3,123.6,1,8/21/2023
A,1,4,81.2,1,8/21/2023
A,1,5,67.2,0,8/21/2023
A,3,1,220.7,0,8/21/2023
A,3,2,193.1,0,8/21/2023
A,3,4,182.1,0,8/21/2023
B,5,4,137.8,0,8/21/2023
A,6,1,118,1,8/21/2023
A,6,2,155.2,0,8/21/2023
B,6,3,35.3,1,8/21/2023
A,6,6,58.9,1,8/21/2023
A,6,6,38.2,1,8/21/2023
A,6,4,166.9,1,8/21/2023
A,7,4,122.8,1,8/21/2023
B,7,5,88.5,1,8/21/2023
A,8,1,77.5,0,8/21/2023
A,8,3,74.5,0,8/21/2023
A,8,6,108.2,0,8/21/2023
B,4,3,58,1,8/21/2023
B,8,4,76.1,1,8/21/2023
A,8,7,27.9,1,8/21/2023
A,8,8,36.6,1,8/21/2023
A,8,8,42.1,1,8/21/2023
C,2,1,110.1,0,8/21/2023
C,2,2,110.6,0,8/21/2023
C,2,2,121.3,0,8/21/2023
C,3,2,143.4,1,8/21/2023
C,3,4,74.3,1,8/21/2023
C,3,1,39.3,1,8/21/2023
C,3,3,97,1,8/21/2023
D,4,4,57.6,0,8/21/2023
D,4,2,79.3,1,8/21/2023
D,4,6,71.9,1,8/21/2023
D,4,7,25.4,1,8/21/2023
C,6,3,187.4,1,8/21/2023
C,6,4,192.8,0,8/21/2023
C,6,2,127.3,0,8/21/2023
C,7,3,105.7,1,8/21/2023
C,7,4,30.3,1,8/21/2023
C,8,2,83.1,1,8/21/2023
C,8,6,43.9,1,8/21/2023
D,1,4,31.9,0,8/21/2023
D,1,3,31.2,1,8/21/2023
D,1,5,60.4,1,8/21/2023
D,1,2,60.2,1,8/21/2023
D,1,6,29.1,1,8/21/2023
D,2,2,177.3,1,8/21/2023
D,2,8,28.9,1,8/21/2023
D,3,5,60.5,1,8/21/2023
D,3,4,47.9,1,8/21/2023
D,3,2,81.7,1,8/21/2023
D,4,3,60.5,1,8/21/2023
D,4,3,57.7,1,8/21/2023
D,6,1,115.6,0,8/21/2023
D,6,,126.9,1,8/21/2023
D,6,,156.6,1,8/21/2023
D,6,3,85.9,1,8/21/2023
D,7,2,50.2,1,8/21/2023
D,7,4,55.5,1,8/21/2023
D,7,1,42.9,1,8/21/2023
D,7,3,26.8,1,8/21/2023
D,8,2,49.2,1,8/21/2023
D,8,4,37.4,1,8/21/2023
D,8,7,28,1,8/21/2023
D,8,9,34.4,1,8/21/2023
D,8,8,31.1,1,8/21/2023
D,8,2,23.5,1,8/21/2023
B,1,3,122.9,1,8/23/2023
B,1,4,96.3,1,8/23/2023
B,1,6,41.8,1,8/23/2023
A,1,2,150.3,0,8/23/2023
B,2,3,114.4,0,8/23/2023
A,2,2,114.1,0,8/23/2023
A,3,2,114.8,0,8/23/2023
A,4,3,106.8,1,8/23/2023
A,5,4,85.4,0,8/23/2023
B,7,1,35.4,1,8/23/2023
A,6,5,48.6,1,8/23/2023
B,4,4,39.5,1,8/23/2023
B,5,3,78.3,1,8/23/2023
A,7,2,110.9,1,8/23/2023
B,8,1,55.7,1,8/23/2023
B,8,1,36.8,1,8/23/2023
B,8,2,27.5,1,8/23/2023
B,8,3,52.5,1,8/23/2023
A,8,3,55.6,0,8/23/2023
A,8,5,56.3,0,8/23/2023
C,1,4,63.8,0,8/23/2023
D,1,1,39.5,1,8/23/2023
C,4,1,53.3,0,8/23/2023
C,4,2,112.5,1,8/23/2023
C,4,7,31.2,1,8/23/2023
D,4,1,61,1,8/23/2023
C,6,4,87.8,1,8/23/2023
C,6,5,139.9,1,8/23/2023
C,8,4,27.9,1,8/23/2023
C,8,6,51.6,1,8/23/2023
C,8,7,35,1,8/23/2023
D,3,1,67.2,0,8/23/2023
A,2,4,37.8,1,8/25/2023
A,8,5,28,1,8/25/2023
A,8,8,52.3,1,8/25/2023
D,1,4,45.5,0,8/25/2023
D,1,4,41.8,0,8/25/2023
D,1,7,38.6,1,8/25/2023
D,1,7,31,1,8/25/2023
C,4,9,27.3,1,8/25/2023
D,5,3,47.1,0,8/25/2023
D,5,3,51.1,0,8/25/2023
D,5,11,32.9,1,8/25/2023
D,5,11,43.9,1,8/25/2023
D,5,6,62.8,0,8/25/2023
C,8,3,77.5,0,8/25/2023
D,2,3,123.8,0,8/25/2023
D,2,5,138.7,0,8/25/2023
D,2,6,63.3,0,8/25/2023
D,3,5,65.3,1,8/25/2023
D,6,3,95.9,0,8/25/2023
D,7,2,70.7,1,8/25/2023
D,8,3,101.4,1,8/25/2023
B,1,2,108.7,0,8/28/2023
B,1,3,77.6,1,8/28/2023
B,1,4,46.5,1,8/28/2023
B,1,6,38.4,1,8/28/2023
B,1,7,46.7,1,8/28/2023
B,1,8,100.3,0,8/28/2023
B,1,9,59.9,1,8/28/2023
B,2,3,59.7,0,8/28/2023
B,2,4,107.8,0,8/28/2023
B,2,4,111.6,0,8/28/2023
A,3,3,71.2,0,8/28/2023
A,3,5,60,1,8/28/2023
A,4,3,95.8,0,8/28/2023
A,4,5,99.8,0,8/28/2023
B,4,2,144.1,0,8/28/2023
A,4,6,119.6,1,8/28/2023
A,5,5,179.9,0,8/28/2023
A,5,6,134.9,0,8/28/2023
A,6,1,135.6,0,8/28/2023
A,6,1,85.2,0,8/28/2023
B,7,3,44.2,1,8/28/2023
B,7,4,61.6,0,8/28/2023
B,8,4,61.9,0,8/28/2023
B,8,6,59.9,0,8/28/2023
B,5,5,97.7,1,8/28/2023
B,6,2,99.9,0,8/28/2023
B,7,6,43.6,1,8/28/2023
B,7,4,96.4,0,8/28/2023
B,7,7,83.2,0,8/28/2023
B,8,7,32.6,1,8/28/2023
B,8,1,98.4,0,8/28/2023
B,8,9,47.4,0,8/28/2023
C,1,7,48.7,1,8/28/2023
C,1,2,39.2,0,8/28/2023
C,2,4,90.1,0,8/28/2023
C,2,6,52.4,0,8/28/2023
C,8,3,54.5,1,8/28/2023
D,1,4,49.4,1,8/28/2023
D,1,1,27.4,0,8/28/2023
D,1,6,88.5,0,8/28/2023
D,1,8,55.2,0,8/28/2023
D,1,10,34.2,1,8/28/2023
D,2,3,60.1,0,8/28/2023
D,2,1,60.6,1,8/28/2023
D,2,1,93.5,1,8/28/2023
D,2,4,69.1,0,8/28/2023
D,5,3,65.4,1,8/28/2023
C,5,9,44.1,1,8/28/2023
D,5,7,54.7,1,8/28/2023
D,5,5,48.9,0,8/28/2023
D,6,5,34.9,1,8/28/2023
D,6,7,61,0,8/28/2023
D,6,7,68.2,0,8/28/2023
D,7,1,101.7,1,8/28/2023
D,7,6,48.6,1,8/28/2023
D,8,9,20.7,1,8/28/2023
D,7,5,38,1,8/28/2023
B,3,4,74.5,1,8/30/2023
B,4,2,74.7,0,8/30/2023
B,8,2,96.4,0,8/30/2023
B,8,4,83.6,0,8/30/2023
B,8,5,33.8,1,8/30/2023
B,8,7,53.9,1,8/30/2023
C,1,1,52.8,1,8/30/2023
C,1,1,50.8,1,8/30/2023
C,1,5,66,0,8/30/2023
C,3,1,127.2,1,8/30/2023
C,3,4,98.4,0,8/30/2023
D,4,1,76.2,1,8/30/2023
D,4,2,88.4,0,8/30/2023
C,4,7,46.6,1,8/30/2023
C,4,2,75.1,0,8/30/2023
D,5,8,61.8,1,8/30/2023
D,5,3,57.1,0,8/30/2023
B,7,1,41.1,1,8/30/2023
A,7,9,63.8,1,8/30/2023
A,7,9,48.9,1,8/30/2023
A,7,9,45.9,1,8/30/2023
A,7,7,52.3,1,8/30/2023
A,8,6,44,1,8/30/2023
D,8,5,31.1,1,8/30/2023
D,8,9,32.1,1,8/30/2023
D,8,11,34.7,1,8/30/2023
D,8,11,34.1,1,8/30/2023
D,8,4,42.5,1,8/30/2023
D,1,8,25.2,1,8/30/2023
D,1,9,44.9,1,8/30/2023
B,5,2,55.4,0,9/1/2023
B,5,2,57.5,0,9/1/2023
A,3,5,39.5,0,9/1/2023
A,4,7,68.5,0,9/1/2023
A,4,10,109.1,0,9/1/2023
A,5,6,74.2,1,9/1/2023
A,7,4,68,1,9/1/2023
A,7,6,46.1,1,9/1/2023
A,7,9,63.9,0,9/1/2023
A,1,1,44.9,1,9/1/2023
A,1,1,53.3,1,9/1/2023
A,1,5,88,0,9/1/2023
B,1,11,38.5,1,9/1/2023
B,2,2,77,0,9/1/2023
B,2,3,74.1,0,9/1/2023
A,2,6,57.2,1,9/1/2023
A,3,8,62.7,1,9/1/2023
B,4,6,48.1,1,9/1/2023
A,3,4,56.8,0,9/1/2023
B,6,7,41.2,1,9/1/2023
B,5,4,68.1,1,9/1/2023
B,5,5,53.4,0,9/1/2023
A,8,7,31.3,1,9/1/2023
B,8,6,34.2,1,9/1/2023
B,7,4,82.5,0,9/1/2023
C,1,4,62.3,0,9/1/2023
C,1,2,57.4,0,9/1/2023
C,2,2,36.9,0,9/1/2023
C,2,2,60.8,0,9/1/2023
C,2,3,42.3,0,9/1/2023
D,5,6,73.4,1,9/1/2023
C,4,3,88.8,0,9/1/2023
C,6,3,99.6,1,9/1/2023
C,6,5,88.2,1,9/1/2023
C,6,9,32.5,1,9/1/2023
C,8,6,49.7,1,9/1/2023
D,8,4,62.5,0,9/1/2023
D,8,6,56.6,0,9/1/2023
D,1,4,60.9,1,9/1/2023
D,1,6,36.1,1,9/1/2023
D,1,9,17.6,1,9/1/2023
D,1,9,61.7,1,9/1/2023
D,1,7,22.2,0,9/1/2023
D,2,6,51.2,1,9/1/2023
D,2,5,69.2,1,9/1/2023
D,2,4,56.9,1,9/1/2023
D,2,2,38.3,0,9/1/2023
D,3,6,42,1,9/1/2023
D,3,3,71.3,1,9/1/2023
D,4,2,54.5,0,9/1/2023
D,5,6,33.6,1,9/1/2023
D,6,3,39.3,1,9/1/2023
D,6,5,39.6,1,9/1/2023
D,6,2,46.5,1,9/1/2023
D,6,4,46.6,1,9/1/2023
D,7,3,57.6,0,9/1/2023
D,7,2,93,0,9/1/2023
A,1,2,59.1,0,9/5/2023
A,1,3,106.7,1,9/5/2023
A,1,3,83.2,1,9/5/2023
A,1,5,73.5,1,9/5/2023
A,1,6,41.9,0,9/5/2023
A,1,7,96.1,1,9/5/2023
A,1,9,60.1,1,9/5/2023
B,1,7,24.2,1,9/5/2023
B,1,9,31.6,1,9/5/2023
B,1,5,50.6,0,9/5/2023
A,2,4,45.7,0,9/5/2023
A,2,2,78.4,1,9/5/2023
A,2,5,60.6,1,9/5/2023
A,2,7,25.9,1,9/5/2023
A,2,8,27.1,1,9/5/2023
A,2,11,37.3,1,9/5/2023
B,2,1,48.7,0,9/5/2023
B,2,3,153.1,0,9/5/2023
B,2,4,67.2,0,9/5/2023
B,2,6,37,1,9/5/2023
A,3,2,75.7,0,9/5/2023
A,3,3,83,0,9/5/2023
A,3,5,34.2,1,9/5/2023
B,3,3,45.2,0,9/5/2023
A,4,2,82,0,9/5/2023
A,4,2,68.8,0,9/5/2023
A,5,9,27.4,1,9/5/2023
A,5,3,78.5,0,9/5/2023
A,5,5,69.4,0,9/5/2023
A,6,1,112.4,1,9/5/2023
A,6,5,95.8,0,9/5/2023
A,6,6,42.9,1,9/5/2023
A,6,9,32.5,1,9/5/2023
A,6,8,32.2,1,9/5/2023
A,7,1,63,1,9/5/2023
A,7,2,61.9,1,9/5/2023
A,7,4,73.8,0,9/5/2023
A,7,6,57.1,0,9/5/2023
A,7,8,50.8,0,9/5/2023
A,7,9,75,1,9/5/2023
A,7,10,43.4,1,9/5/2023
A,8,4,27.8,1,9/5/2023
A,8,4,29.1,1,9/5/2023
A,8,2,54.7,0,9/5/2023
A,8,2,65.8,1,9/5/2023
B,4,2,104.4,0,9/5/2023
B,4,2,82.5,0,9/5/2023
B,4,4,109.8,0,9/5/2023
B,4,5,87.4,0,9/5/2023
B,5,1,91.9,1,9/5/2023
B,5,3,46.1,0,9/5/2023
B,5,3,45.8,0,9/5/2023
B,5,3,43.1,0,9/5/2023
B,5,7,54,1,9/5/2023
B,6,6,25.6,1,9/5/2023
B,6,8,41.5,1,9/5/2023
B,6,9,37,1,9/5/2023
B,6,3,104.6,0,9/5/2023
B,6,4,73.1,0,9/5/2023
B,7,2,81.8,1,9/5/2023
B,7,3,113.4,1,9/5/2023
B,7,3,84.3,1,9/5/2023
B,8,1,47.3,1,9/5/2023
B,8,2,36.5,1,9/5/2023
B,8,5,52.3,1,9/5/2023
A,8,4,49.8,1,9/5/2023
A,8,7,38.7,1,9/5/2023
A,8,9,20.8,1,9/5/2023
A,8,10,18.2,1,9/5/2023
C,1,3,57,1,9/5/2023
C,1,6,46.2,1,9/5/2023
C,1,7,33,1,9/5/2023
C,2,1,37.6,0,9/5/2023
C,4,2,93.4,0,9/5/2023
C,4,3,54.7,1,9/5/2023
C,4,5,43.1,1,9/5/2023
C,4,6,19.5,1,9/5/2023
C,6,1,87.4,1,9/5/2023
C,6,1,80,1,9/5/2023
C,6,3,164.1,1,9/5/2023
C,6,4,67.7,0,9/5/2023
C,6,7,40.4,1,9/5/2023
C,6,8,37,1,9/5/2023
C,8,7,51.6,1,9/5/2023
C,8,3,50.1,1,9/5/2023
C,8,6,35.9,1,9/5/2023
C,8,7,40.1,1,9/5/2023
C,8,4,59.2,0,9/5/2023
C,8,5,52.6,0,9/5/2023
C,8,6,40,0,9/5/2023
C,8,8,38.6,0,9/5/2023
D,1,12,75.3,1,9/5/2023
D,1,4,40.7,1,9/5/2023
D,1,6,38.7,1,9/5/2023
D,1,7,40.1,1,9/5/2023
D,1,8,36.5,1,9/5/2023
D,1,5,16.5,0,9/5/2023
D,1,9,28.8,0,9/5/2023
D,1,6,29.1,0,9/5/2023
D,2,3,83.6,1,9/5/2023
D,2,1,44.6,0,9/5/2023
D,2,4,47,0,9/5/2023
D,3,2,77.9,1,9/5/2023
D,3,3,44.8,1,9/5/2023
D,3,4,51.1,0,9/5/2023
D,4,1,52.6,0,9/5/2023
D,4,2,31.8,0,9/5/2023
D,4,2,72.2,1,9/5/2023
D,4,3,49.2,0,9/5/2023
D,4,5,78.6,0,9/5/2023
D,5,7,26.1,1,9/5/2023
D,5,8,30.9,1,9/5/2023
D,5,4,47.8,1,9/5/2023
D,5,3,50.8,1,9/5/2023
D,5,2,49.5,1,9/5/2023
D,5,2,45.2,1,9/5/2023
D,5,6,51.6,0,9/5/2023
D,5,9,36,0,9/5/2023
D,6,8,27,1,9/5/2023
D,6,7,51.6,1,9/5/2023
D,6,5,62.6,1,9/5/2023
D,6,4,56.7,0,9/5/2023
D,6,3,47.5,0,9/5/2023
D,7,1,28.8,1,9/5/2023
D,7,3,51.2,1,9/5/2023
D,7,7,28.6,1,9/5/2023
D,7,4,50.1,0,9/5/2023
D,8,5,18.4,1,9/5/2023
D,8,7,23.6,1,9/5/2023
D,8,6,19.8,1,9/5/2023
D,8,7,33.8,1,9/5/2023
D,8,8,28.4,1,9/5/2023
D,8,9,29.3,1,9/5/2023
D,8,10,18.1,1,9/5/2023
D,8,11,19.4,0,9/5/2023
A,1,5,60.4,0,9/6/2023
B,2,4,76.4,0,9/6/2023
B,2,2,70.5,0,9/6/2023
A,2,5,72.4,0,9/6/2023
A,3,3,71.2,0,9/6/2023
A,3,4,50.9,0,9/6/2023
A,3,4,63,0,9/6/2023
B,4,5,66,1,9/6/2023
A,3,5,77.2,0,9/6/2023
A,4,6,86.4,0,9/6/2023
A,5,2,101.4,0,9/6/2023
A,5,7,41.3,1,9/6/2023
B,6,5,49.9,1,9/6/2023
B,5,6,29.5,1,9/6/2023
B,5,8,72.1,0,9/6/2023
C,1,7,52.9,1,9/6/2023
C,1,4,22.5,0,9/6/2023
D,1,4,18.5,0,9/6/2023
D,1,5,40,1,9/6/2023
D,1,7,39.1,1,9/6/2023
D,1,8,49.2,1,9/6/2023
D,1,11,36.1,1,9/6/2023
D,3,4,82.7,1,9/6/2023
D,3,8,51.2,1,9/6/2023
D,1,0,29,1,9/6/2023
A,5,7,44.3,1,9/6/2023
D,4,6,42,1,9/6/2023
D,5,8,58.9,1,9/6/2023
D,6,8,25,1,9/6/2023
D,6,8,23.4,1,9/6/2023
D,6,1,69.6,0,9/6/2023
A,1,2,103.4,0,9/8/2023
A,1,4,56.9,0,9/8/2023
B,1,5,53.9,1,9/8/2023
B,1,6,39.6,1,9/8/2023
B,1,8,33.4,1,9/8/2023
B,1,7,54.8,1,9/8/2023
A,1,6,79.5,1,9/8/2023
B,2,3,62.3,0,9/8/2023
B,2,11,33.9,1,9/8/2023
B,2,7,59,1,9/8/2023
A,4,9,38.4,1,9/8/2023
A,2,3,109,0,9/8/2023
B,3,4,137.5,0,9/8/2023
B,4,2,93.4,1,9/8/2023
B,4,2,92.7,0,9/8/2023
B,5,10,40.4,1,9/8/2023
B,5,7,38.5,1,9/8/2023
B,5,4,38.1,0,9/8/2023
A,4,4,43.6,0,9/8/2023
A,4,3,64.1,1,9/8/2023
A,5,3,64.4,0,9/8/2023
A,5,5,45.7,1,9/8/2023
B,6,5,81.9,0,9/8/2023
B,7,2,78.9,0,9/8/2023
B,7,5,42.3,0,9/8/2023
A,7,3,38.9,1,9/8/2023
A,7,7,77.6,1,9/8/2023
A,7,4,66,0,9/8/2023
A,7,5,45.8,0,9/8/2023
A,7,8,43.3,0,9/8/2023
A,7,9,29.2,0,9/8/2023
B,8,6,47.2,0,9/8/2023
B,8,7,58.2,1,9/8/2023
A,8,12,43.1,1,9/8/2023
A,8,7,32.6,1,9/8/2023
A,8,8,16.4,1,9/8/2023
A,8,9,44.7,0,9/8/2023
A,8,10,36.2,0,9/8/2023
A,8,13,30.1,0,9/8/2023
A,8,11,47.4,0,9/8/2023
A,8,11,41.9,0,9/8/2023
C,1,6,31.8,1,9/8/2023
C,2,3,37.2,0,9/8/2023
C,3,7,39.5,1,9/8/2023
C,3,8,37.4,1,9/8/2023
C,4,3,43.7,0,9/8/2023
C,4,6,48.2,1,9/8/2023
C,4,9,23.1,1,9/8/2023
C,6,2,112.7,0,9/8/2023
C,7,2,226.5,0,9/8/2023
C,7,2,186.4,0,9/8/2023
C,8,9,42.7,1,9/8/2023
C,8,11,26,1,9/8/2023
C,8,10,58.8,1,9/8/2023
C,8,10,61.3,1,9/8/2023
C,8,12,35,1,9/8/2023
C,8,13,35.5,1,9/8/2023
C,8,8,35.1,1,9/8/2023
C,8,7,48.1,1,9/8/2023
C,8,6,35.9,0,9/8/2023
D,1,5,58.9,1,9/8/2023
D,1,6,58.5,1,9/8/2023
D,1,7,33,0,9/8/2023
D,1,8,19.6,0,9/8/2023
D,2,3,58.9,0,9/8/2023
D,2,6,55.3,1,9/8/2023
D,2,4,41.5,0,9/8/2023
D,4,6,37.4,1,9/8/2023
D,3,4,34.6,1,9/8/2023
D,2,5,55.9,1,9/8/2023
D,4,6,31.1,0,9/8/2023
D,4,7,30,0,9/8/2023
D,4,8,33.4,0,9/8/2023
D,4,9,23.5,0,9/8/2023
D,5,8,39,1,9/8/2023
D,5,8,35.1,1,9/8/2023
D,6,4,32.1,0,9/8/2023
D,6,2,17.1,1,9/8/2023
D,6,6,24.6,1,9/8/2023
C,8,6,46.6,0,9/8/2023
C,8,9,34.5,1,9/8/2023
C,8,4,61.4,0,9/8/2023
D,6,9,28,1,9/8/2023
D,7,5,30.5,1,9/8/2023
D,7,4,42.4,0,9/8/2023
D,8,6,34.3,0,9/8/2023
D,8,7,35,1,9/8/2023
D,8,8,48.4,1,9/8/2023
D,8,8,35.3,1,9/8/2023
A,1,3,88.7,1,9/13/2023
B,1,4,92.7,1,9/13/2023
B,1,7,37.5,0,9/13/2023
B,3,3,84.7,0,9/13/2023
B,3,3,100.9,0,9/13/2023
B,2,6,77.5,0,9/13/2023
A,3,4,67.9,1,9/13/2023
A,3,2,91.7,0,9/13/2023
A,3,5,85.9,0,9/13/2023
A,3,6,94.7,0,9/13/2023
A,3,8,76.2,1,9/13/2023
A,4,5,47.1,1,9/13/2023
B,4,4,91.7,0,9/13/2023
B,4,7,42.9,0,9/13/2023
A,4,5,56.9,0,9/13/2023
A,6,3,94.5,1,9/13/2023
A,6,5,129.3,1,9/13/2023
A,6,4,79.2,1,9/13/2023
A,7,1,55,0,9/13/2023
A,7,3,35.2,0,9/13/2023
A,7,4,104.9,1,9/13/2023
A,7,6,86.2,0,9/13/2023
A,7,7,45.5,1,9/13/2023
A,7,8,31.4,0,9/13/2023
B,4,3,41,0,9/13/2023
B,4,5,48.1,0,9/13/2023
B,4,7,57.3,0,9/13/2023
B,4,6,54.4,0,9/13/2023
B,4,8,48.8,1,9/13/2023
C,1,3,30.7,0,9/13/2023
C,1,4,49.1,1,9/13/2023
C,1,5,53.8,1,9/13/2023
C,1,6,29,0,9/13/2023
C,2,8,22.3,1,9/13/2023
C,2,2,26.2,0,9/13/2023
C,2,4,27,0,9/13/2023
C,2,4,24.8,0,9/13/2023
C,2,7,15,0,9/13/2023
C,2,5,18.8,0,9/13/2023
C,3,4,83.6,1,9/13/2023
C,3,4,76,1,9/13/2023
C,3,7,34,1,9/13/2023
C,4,3,53.8,1,9/13/2023
C,4,6,53.3,1,9/13/2023
C,4,7,19.1,0,9/13/2023
D,1,4,54.2,1,9/13/2023
D,1,5,46.1,1,9/13/2023
D,1,7,57.3,0,9/13/2023
D,1,2,16.8,0,9/13/2023
D,3,7,50.6,1,9/13/2023
D,3,4,53.9,0,9/13/2023
D,2,4,39.8,0,9/13/2023
D,2,6,13.5,0,9/13/2023
D,4,6,34.5,1,9/13/2023
D,5,2,33.7,1,9/13/2023
D,4,3,30,0,9/13/2023
D,4,4,28.8,0,9/13/2023
D,4,4,32.8,0,9/13/2023
A,5,4,35.5,1,9/13/2023
A,5,6,98.8,0,9/13/2023
B,5,4,35.7,0,9/13/2023
B,5,5,25.1,0,9/13/2023
C,6,3,27.2,1,9/13/2023
D,5,4,20.5,1,9/13/2023
C,5,3,22.9,0,9/13/2023
C,5,4,28.8,0,9/13/2023
B,4,2,75.2,1,9/13/2023
B,7,2,70.8,1,9/13/2023
A,5,3,65.9,1,9/13/2023
A,5,3,130.1,0,9/13/2023
A,5,3,97,0,9/13/2023
B,6,5,27.8,1,9/13/2023
B,6,4,56.9,1,9/13/2023
B,6,3,79.5,0,9/13/2023
B,6,7,98.6,0,9/13/2023
B,6,7,67.8,0,9/13/2023
A,7,6,44.1,1,9/13/2023
B,8,4,53.2,1,9/13/2023
B,8,5,65,1,9/13/2023
B,8,3,47.3,1,9/13/2023
B,7,6,58.2,1,9/13/2023
A,8,5,45.5,0,9/13/2023
C,6,2,62.4,0,9/13/2023
C,6,2,69.8,1,9/13/2023
D,7,4,54.9,1,9/13/2023
D,7,6,17.9,0,9/13/2023
D,7,7,20.4,0,9/13/2023
C,8,6,34.6,1,9/13/2023
C,8,7,32.4,1,9/13/2023
C,8,6,60,0,9/13/2023
C,8,9,37.8,0,9/13/2023
C,8,11,14.4,0,9/13/2023
D,8,6,41.3,1,9/13/2023
D,6,7,41.5,1,9/13/2023
D,7,3,39.9,0,9/13/2023
D,7,5,17.6,0,9/13/2023
D,7,4,15.7,0,9/13/2023
A,1,9,34.1,1,9/18/2023
A,1,3,44.2,0,9/18/2023
B,1,6,29.4,1,9/18/2023
B,1,3,63,0,9/18/2023
B,1,4,36.6,0,9/18/2023
B,1,5,78.9,0,9/18/2023
B,1,7,41.9,0,9/18/2023
A,3,2,18.1,1,9/18/2023
A,3,3,54.7,1,9/18/2023
A,3,3,85.8,0,9/18/2023
B,2,2,49.1,0,9/18/2023
B,2,3,31.8,0,9/18/2023
B,2,5,57.3,0,9/18/2023
B,2,5,59.9,1,9/18/2023
B,2,6,71.2,1,9/18/2023
B,2,7,71.1,1,9/18/2023
B,2,7,68.7,1,9/18/2023
A,2,4,73.6,0,9/18/2023
A,2,6,65.1,1,9/18/2023
B,3,2,87.1,0,9/18/2023
B,4,3,65.6,0,9/18/2023
B,4,4,41.7,0,9/18/2023
A,5,3,91.3,1,9/18/2023
A,3,8,106.1,0,9/18/2023
A,4,7,71.2,1,9/18/2023
B,5,3,65.9,1,9/18/2023
B,5,4,60.9,0,9/18/2023
A,5,1,26.7,1,9/18/2023
A,5,1,52,1,9/18/2023
A,5,6,42.1,0,9/18/2023
A,5,7,94.9,0,9/18/2023
B,6,2,118,0,9/18/2023
A,7,3,65.1,1,9/18/2023
A,7,4,23.8,0,9/18/2023
A,4,3,64.5,0,9/18/2023
A,4,5,54.4,0,9/18/2023
A,4,6,40.5,0,9/18/2023
A,5,7,108.5,0,9/18/2023
A,6,5,69.9,0,9/18/2023
A,6,4,84.8,1,9/18/2023
A,5,8,157.1,1,9/18/2023
B,5,9,54.2,1,9/18/2023
B,7,5,64.9,1,9/18/2023
B,7,7,35.8,1,9/18/2023
B,7,9,29.5,0,9/18/2023
A,7,6,32.2,0,9/18/2023
A,8,7,39.5,1,9/18/2023
A,8,6,48.6,0,9/18/2023
C,1,5,56.8,1,9/18/2023
C,1,8,57.6,1,9/18/2023
C,2,2,31.9,1,9/18/2023
C,2,2,15.8,1,9/18/2023
C,2,8,45.6,1,9/18/2023
C,2,8,35.2,1,9/18/2023
C,4,3,9.7,1,9/18/2023
C,3,2,98.6,0,9/18/2023
C,4,3,37.8,0,9/18/2023
C,4,9,41.3,0,9/18/2023
C,4,9,55.8,0,9/18/2023
C,4,10,37,1,9/18/2023
C,4,11,62.8,1,9/18/2023
C,4,12,34.2,0,9/18/2023
C,4,12,50.4,0,9/18/2023
D,5,4,54.8,1,9/18/2023
D,5,5,46.1,1,9/18/2023
D,5,7,51.3,0,9/18/2023
C,7,2,165.4,0,9/18/2023
C,6,2,72.1,0,9/18/2023
C,6,7,38.4,1,9/18/2023
C,8,6,27.2,1,9/18/2023
C,8,9,21.5,1,9/18/2023
C,8,11,45.1,1,9/18/2023
D,1,4,60.4,1,9/18/2023
D,1,6,31,1,9/18/2023
D,1,6,42.4,0,9/18/2023
C,6,3,118.1,1,9/18/2023
D,6,8,54.7,1,9/18/2023
D,6,9,31.4,1,9/18/2023
D,5,4,54.3,0,9/18/2023
D,4,3,41.3,0,9/18/2023
D,4,6,54.1,0,9/18/2023
D,8,7,40.4,1,9/18/2023
D,8,5,52.7,1,9/18/2023
D,8,9,29.4,1,9/18/2023
D,8,7,30,0,9/18/2023
B,1,6,26.3,0,9/19/2023
B,1,9,36.7,1,9/19/2023
B,2,5,89.2,0,9/19/2023
B,2,6,68.6,0,9/19/2023
B,2,8,73.9,1,9/19/2023
B,2,8,68.8,1,9/19/2023
A,2,5,42.3,0,9/19/2023
A,3,6,94.6,0,9/19/2023
A,3,6,94.8,0,9/19/2023
A,4,8,82.9,1,9/19/2023
A,7,9,63.5,1,9/19/2023
A,7,5,28.9,0,9/19/2023
A,8,6,33,1,9/19/2023
A,7,7,57.8,1,9/19/2023
A,7,10,42,0,9/19/2023
B,7,8,68.9,0,9/19/2023
C,1,6,54.3,1,9/19/2023
C,1,4,22.8,0,9/19/2023
C,2,4,20.7,0,9/19/2023
C,2,13,17.9,1,9/19/2023
D,8,7,24.8,1,9/19/2023
D,8,8,54.2,1,9/19/2023
D,8,6,30.7,1,9/19/2023
D,8,9,21,1,9/19/2023
D,8,5,60.8,1,9/19/2023
C,8,7,32.6,1,9/19/2023
C,8,9,23.1,1,9/19/2023
D,3,8,53.7,1,9/19/2023
D,4,6,49.7,0,9/19/2023
C,8,9,38.2,1,9/19/2023
C,8,9,12.8,0,9/19/2023
C,8,10,9.5,0,9/19/2023
B,1,5,44.1,0,9/20/2023
B,1,7,97.6,1,9/20/2023
A,1,4,81.7,1,9/20/2023
A,1,6,60.6,0,9/20/2023
A,2,3,73.6,1,9/20/2023
A,2,5,74.6,1,9/20/2023
A,2,8,78.3,1,9/20/2023
A,2,8,71.3,1,9/20/2023
A,4,8,63.7,1,9/20/2023
A,3,7,107.1,0,9/20/2023
B,4,4,56.8,0,9/20/2023
B,4,6,44.9,0,9/20/2023
B,7,4,67.2,1,9/20/2023
D,1,5,42.3,1,9/20/2023
D,1,6,60.3,1,9/20/2023
D,1,11,43.6,1,9/20/2023
D,2,5,32.4,1,9/20/2023
C,2,9,68.4,1,9/20/2023
C,2,4,22.8,0,9/20/2023
C,2,6,30.7,0,9/20/2023
D,3,3,24.7,0,9/20/2023
D,3,8,81.1,0,9/20/2023
D,4,5,50.2,0,9/20/2023
C,4,6,80.5,1,9/20/2023
C,6,3,59.6,0,9/20/2023
C,8,4,31.9,1,9/20/2023
C,8,11,29.5,1,9/20/2023
C,8,5,34.1,0,9/20/2023
C,8,7,21.5,0,9/20/2023
C,8,8,26.5,0,9/20/2023
D,4,2,30.6,0,9/20/2023
D,5,6,49.1,1,9/20/2023
D,5,8,27.1,0,9/20/2023
A,1,8,40.4,1,9/25/2023
B,1,5,38.4,1,9/25/2023
B,1,6,47.8,1,9/25/2023
B,1,8,32.2,0,9/25/2023
A,1,6,58.6,1,9/25/2023
A,1,7,56.6,1,9/25/2023
A,1,9,47.1,1,9/25/2023
A,2,2,100.6,0,9/25/2023
B,2,4,83.6,0,9/25/2023
B,2,2,40.7,0,9/25/2023
B,2,6,46.3,0,9/25/2023
A,2,3,71.5,1,9/25/2023
B,2,7,43.6,0,9/25/2023
A,3,4,28.1,0,9/25/2023
A,3,3,69.3,0,9/25/2023
A,3,7,84.4,0,9/25/2023
A,4,5,65.5,1,9/25/2023
B,4,4,35.4,0,9/25/2023
B,5,6,66.9,1,9/25/2023
B,5,4,58.5,0,9/25/2023
A,5,3,54.2,0,9/25/2023
A,5,2,49.1,1,9/25/2023
A,4,7,70,1,9/25/2023
B,5,6,43,0,9/25/2023
A,7,2,99.4,1,9/25/2023
A,7,6,89.9,1,9/25/2023
A,8,4,38.6,0,9/25/2023
D,1,5,54.4,1,9/25/2023
D,1,5,25.7,1,9/25/2023
C,1,5,45.6,0,9/25/2023
C,1,6,36.7,0,9/25/2023
C,3,1,41.8,1,9/25/2023
C,3,4,88,1,9/25/2023
C,3,5,72.1,1,9/25/2023
C,3,5,72.4,0,9/25/2023
D,2,6,19,1,9/25/2023
D,3,4,51.9,0,9/25/2023
D,6,6,100.8,1,9/25/2023
D,6,7,54.7,1,9/25/2023
D,7,5,57.9,1,9/25/2023
D,7,6,84.7,1,9/25/2023
D,7,8,55.2,1,9/25/2023
D,7,9,20.6,0,9/25/2023
D,4,4,53.7,1,9/25/2023
D,4,6,11.1,0,9/25/2023
D,8,6,69.4,1,9/25/2023
D,8,7,55.6,1,9/25/2023
D,8,8,73,1,9/25/2023
B,1,4,14.4,0,9/29/2023
B,1,8,66.4,0,9/29/2023
A,2,2,48.5,0,9/29/2023
B,3,3,70.8,1,9/29/2023
A,3,5,73.7,1,9/29/2023
B,2,9,77.5,1,9/29/2023
B,2,9,74,1,9/29/2023
B,1,6,11.2,0,9/29/2023
B,3,5,19.7,0,9/29/2023
B,5,4,44.5,1,9/29/2023
B,5,4,56.3,0,9/29/2023
B,8,4,42.5,0,9/29/2023
B,8,6,62.9,0,9/29/2023
B,8,3,70.5,1,9/29/2023
B,8,7,56.3,0,9/29/2023
A,8,4,50.7,1,9/29/2023
A,8,6,28.5,0,9/29/2023
A,5,6,118.6,1,9/29/2023
C,1,8,62.4,1,9/29/2023
C,1,5,43,0,9/29/2023
C,2,3,26.4,0,9/29/2023
C,2,3,14.6,0,9/29/2023
C,2,3,15.5,0,9/29/2023
C,2,4,15.9,0,9/29/2023
C,2,2,30.6,0,9/29/2023
C,2,2,35.9,0,9/29/2023
D,1,5,55.6,1,9/29/2023
D,1,4,36.8,0,9/29/2023
C,4,5,18.2,0,9/29/2023
C,4,5,34.5,0,9/29/2023
D,1,4,15.3,0,9/29/2023
D,5,6,26.1,0,9/29/2023
D,2,4,70.5,1,9/29/2023
D,2,4,56.5,1,9/29/2023
D,3,4,43.5,0,9/29/2023
D,4,3,72,1,9/29/2023
D,4,3,63.2,1,9/29/2023
D,3,5,71,1,9/29/2023
D,3,7,38.9,1,9/29/2023
D,3,9,66.3,1,9/29/2023
D,3,9,77.5,1,9/29/2023
D,5,6,76.5,1,9/29/2023
D,5,4,59.9,1,9/29/2023
D,5,3,12.8,0,9/29/2023
D,5,3,15.8,0,9/29/2023
D,6,4,72.9,1,9/29/2023
D,5,6,49.8,1,9/29/2023
D,7,4,76.1,1,9/29/2023
D,7,5,56.3,1,9/29/2023
D,8,6,12,0,9/29/2023
D,8,6,14,0,9/29/2023
D,6,5,31.3,0,9/29/2023
D,6,8,60.8,1,9/29/2023
D,6,8,74.6,1,9/29/2023
D,7,6,101.8,1,9/29/2023
C,2,7,9.7,0,9/29/2023
D,2,6,64.2,0,9/29/2023
D,2,8,27,0,9/29/2023
A,6,8,64.3,1,9/29/2023
A,5,7,79.9,1,9/29/2023
D,3,3,17,0,9/29/2023
D,3,7,60.1,0,9/29/2023
D,8,4,83.5,1,9/29/2023
D,5,8,38.8,1,9/29/2023
D,6,7,60.1,1,9/29/2023
D,6,8,43.8,1,9/29/2023
D,8,9,22.5,1,9/29/2023
D,8,11,32.3,1,9/29/2023
D,8,7,36.5,0,9/29/2023
D,8,8,27,0,9/29/2023
D,8,10,12.4,0,9/29/2023
A,1,3,42.9,1,10/3/2023
A,1,4,43.8,0,10/3/2023
B,2,6,70.6,1,10/3/2023
B,1,9,53.5,0,10/3/2023
A,2,3,101.2,1,10/3/2023
A,2,2,86.5,0,10/3/2023
A,2,7,63.5,1,10/3/2023
A,3,6,48,1,10/3/2023
A,3,7,41.1,1,10/3/2023
B,2,11,31.9,1,10/3/2023
A,2,10,72.1,1,10/3/2023
A,2,8,78.5,0,10/3/2023
A,3,6,74.3,0,10/3/2023
A,4,5,84.4,1,10/3/2023
B,4,4,66.6,1,10/3/2023
A,4,7,27.2,0,10/3/2023
B,4,8,102.5,1,10/3/2023
B,3,9,69.8,1,10/3/2023
B,6,8,126.8,0,10/3/2023
A,7,12,90.2,1,10/3/2023
A,7,7,69.7,0,10/3/2023
A,7,8,42.2,0,10/3/2023
A,7,5,76.8,0,10/3/2023
A,7,6,53.7,1,10/3/2023
A,8,5,56.9,0,10/3/2023
A,8,12,80.1,1,10/3/2023
A,8,10,122.7,1,10/3/2023
C,1,4,45,1,10/3/2023
C,1,4,43,1,10/3/2023
C,2,3,76.4,1,10/3/2023
D,2,8,57.8,1,10/3/2023
D,2,8,61.5,1,10/3/2023
D,1,6,48.2,0,10/3/2023
D,1,6,25,0,10/3/2023
D,1,9,40,0,10/3/2023
C,4,3,61.4,1,10/3/2023
C,4,11,70.1,1,10/3/2023
D,6,6,56.9,0,10/3/2023
D,6,8,33.8,0,10/3/2023
D,6,8,45.4,0,10/3/2023
D,6,8,44.9,0,10/3/2023
D,6,12,60.7,1,10/3/2023
D,8,7,47.8,1,10/3/2023
D,1,6,55.8,1,10/3/2023
D,1,7,55.3,1,10/3/2023
C,5,9,62.5,1,10/3/2023
C,5,11,56.1,1,10/3/2023
D,7,6,77.8,1,10/3/2023
C,3,7,86.9,1,10/3/2023
C,3,9,56.4,0,10/3/2023
B,1,2,24.5,0,10/6/2023
B,1,4,29.4,1,10/6/2023
B,1,6,57.3,0,10/6/2023
A,1,5,67.9,0,10/6/2023
A,1,5,63.4,1,10/6/2023
A,1,8,33.2,0,10/6/2023
A,1,10,17.2,0,10/6/2023
B,2,7,50.3,0,10/6/2023
B,2,8,37.2,0,10/6/2023
A,2,4,36.2,0,10/6/2023
A,4,7,82.8,1,10/6/2023
A,4,9,72.7,1,10/6/2023
A,4,11,66.9,1,10/6/2023
B,4,5,36.1,1,10/6/2023
B,6,3,88.3,1,10/6/2023
A,6,6,69.9,1,10/6/2023
A,6,6,75.4,0,10/6/2023
A,7,5,88.7,1,10/6/2023
A,7,6,74,1,10/6/2023
A,7,8,38.8,0,10/6/2023
A,7,9,31.4,0,10/6/2023
B,4,9,62.5,1,10/6/2023
B,4,10,62.3,0,10/6/2023
B,5,9,84.7,1,10/6/2023
B,8,9,88.4,1,10/6/2023
A,8,7,73.7,1,10/6/2023
A,8,8,84.5,1,10/6/2023
C,4,8,66.4,1,10/6/2023
D,4,6,62.2,1,10/6/2023
D,4,7,51.8,1,10/6/2023
C,7,4,163.9,0,10/6/2023
C,7,6,129.3,0,10/6/2023
C,7,7,143.4,0,10/6/2023
D,5,3,23.3,0,10/6/2023
D,5,4,41.2,0,10/6/2023
D,5,6,34.6,0,10/6/2023
D,5,7,18.6,0,10/6/2023
D,3,5,54.3,0,10/6/2023
D,3,9,58,0,10/6/2023
D,8,5,46.4,1,10/6/2023
D,6,9,49.7,1,10/6/2023
D,7,7,63,1,10/6/2023
D,7,9,65.4,1,10/6/2023
D,7,11,31.4,0,10/6/2023
C,8,11,61,1,10/6/2023
D,8,10,73.4,1,10/6/2023
C,8,6,43.7,1,10/6/2023
D,8,6,37.5,0,10/6/2023
C,8,9,16.8,0,10/6/2023
C,8,7,21,0,10/6/2023
D,8,8,30.4,0,10/6/2023
B,1,2,50.7,0,10/11/2023
B,1,8,63.2,1,10/11/2023
B,1,6,19.8,0,10/11/2023
A,1,5,81.3,1,10/11/2023
A,1,7,69.9,1,10/11/2023
A,1,8,55.8,1,10/11/2023
A,1,6,40.5,0,10/11/2023
A,1,11,20.9,0,10/11/2023
B,2,9,80.9,1,10/11/2023
B,2,7,41.6,1,10/11/2023
B,2,5,39.7,0,10/11/2023
A,2,10,56,1,10/11/2023
B,3,3,98.5,0,10/11/2023
A,3,8,66.9,1,10/11/2023
A,3,5,44.2,1,10/11/2023
A,3,6,64.4,0,10/11/2023
A,3,7,41,0,10/11/2023
A,3,9,58.9,0,10/11/2023
A,3,10,96.2,0,10/11/2023
B,4,4,35.8,0,10/11/2023
B,4,4,50.8,0,10/11/2023
B,4,6,77.4,0,10/11/2023
B,4,9,56.5,0,10/11/2023
B,4,7,40,0,10/11/2023
B,4,7,35.5,0,10/11/2023
B,4,10,48.1,0,10/11/2023
B,4,11,18.5,0,10/11/2023
A,4,6,55,1,10/11/2023
A,4,7,56.5,1,10/11/2023
A,4,7,29.8,0,10/11/2023
A,4,8,19.2,0,10/11/2023
A,4,10,15.7,0,10/11/2023
A,5,8,118.2,1,10/11/2023
A,5,4,39,0,10/11/2023
A,5,10,119.2,0,10/11/2023
A,5,7,84.2,0,10/11/2023
A,5,9,88.1,1,10/11/2023
B,6,7,80.6,1,10/11/2023
A,5,8,68,1,10/11/2023
A,6,4,54.7,0,10/11/2023
A,6,7,71.2,0,10/11/2023
A,6,4,78.2,0,10/11/2023
A,6,8,59.5,0,10/11/2023
A,6,8,108.3,0,10/11/2023
A,6,9,73.2,0,10/11/2023
A,7,11,71.3,1,10/11/2023
A,7,6,71.2,1,10/11/2023
A,7,7,52.6,1,10/11/2023
A,7,7,54.1,1,10/11/2023
A,7,9,50,1,10/11/2023
A,7,9,68.2,1,10/11/2023
A,7,8,45.3,0,10/11/2023
A,7,10,30.9,0,10/11/2023
A,8,6,77.2,1,10/11/2023
A,8,7,74.2,1,10/11/2023
A,8,6,66.2,0,10/11/2023
A,8,7,26.3,0,10/11/2023
A,8,10,23.4,0,10/11/2023
A,8,10,18.1,0,10/11/2023
A,8,11,16.2,0,10/11/2023
B,7,6,66.5,1,10/11/2023
B,7,6,61.9,1,10/11/2023
B,7,6,60.4,1,10/11/2023
B,7,6,49,0,10/11/2023
B,5,9,100.4,1,10/11/2023
B,5,3,64.6,1,10/11/2023
B,5,3,62.1,1,10/11/2023
B,5,4,60.8,1,10/11/2023
B,5,6,56.8,1,10/11/2023
B,5,3,50,0,10/11/2023
B,5,5,58.2,0,10/11/2023
B,5,7,32,0,10/11/2023
B,5,6,29.6,0,10/11/2023
B,5,8,37,0,10/11/2023
B,6,4,93.3,1,10/11/2023
B,6,6,86.6,0,10/11/2023
B,6,10,67.6,0,10/11/2023
B,6,9,52.4,0,10/11/2023
B,6,11,75.7,0,10/11/2023
B,6,8,51.2,0,10/11/2023
C,2,1,41.5,0,10/11/2023
B,6,12,54.6,1,10/11/2023
B,6,12,59.1,0,10/11/2023
A,7,9,34.5,0,10/11/2023
B,7,6,57.7,1,10/11/2023
B,8,5,41.1,1,10/11/2023
B,8,6,23.1,1,10/11/2023
B,8,7,36.5,0,10/11/2023
B,8,8,49,0,10/11/2023
B,8,9,29.8,0,10/11/2023
C,1,6,70.2,1,10/11/2023
C,1,4,52.3,1,10/11/2023
C,8,9,30.7,1,10/11/2023
C,8,8,59.4,1,10/11/2023
C,8,5,16.7,1,10/11/2023
C,8,5,17.1,0,10/11/2023
C,1,6,53.9,1,10/11/2023
C,1,8,31.3,0,10/11/2023
C,1,9,28.7,0,10/11/2023
D,1,7,57.2,1,10/11/2023
D,2,6,59.2,1,10/11/2023
D,1,7,48.8,0,10/11/2023
D,1,9,36,0,10/11/2023
D,1,8,39.6,0,10/11/2023
C,2,3,25.9,1,10/11/2023
D,2,4,60.1,0,10/11/2023
D,2,3,91.3,0,10/11/2023
D,2,6,40.3,0,10/11/2023
D,3,4,72,1,10/11/2023
D,3,6,73.7,1,10/11/2023
D,3,8,46.8,1,10/11/2023
D,3,8,36.8,1,10/11/2023
D,3,7,65.8,1,10/11/2023
D,3,9,66.3,1,10/11/2023
C,2,4,31.3,1,10/11/2023
C,2,5,25.8,0,10/11/2023
C,2,6,15,0,10/11/2023
C,2,5,21.9,0,10/11/2023
C,7,3,99.6,1,10/11/2023
C,7,2,150.5,0,10/11/2023
C,7,7,116.2,0,10/11/2023
C,7,8,42.8,0,10/11/2023
D,7,6,79.3,1,10/11/2023
C,6,5,121.4,1,10/11/2023
C,6,7,33.5,0,10/11/2023
C,6,6,15.6,0,10/11/2023
C,3,2,67.6,0,10/11/2023
C,3,3,87.9,1,10/11/2023
C,3,5,50.8,1,10/11/2023
C,3,7,30,0,10/11/2023
C,6,5,112.2,0,10/11/2023
D,6,9,35.7,0,10/11/2023
D,6,8,48,0,10/11/2023
D,7,6,91.2,1,10/11/2023
C,7,6,30.7,0,10/11/2023
D,7,4,68.5,0,10/11/2023
C,3,12,83.5,0,10/11/2023
C,4,6,48.3,0,10/11/2023
C,6,18,57.3,1,10/11/2023
C,7,6,24.3,0,10/11/2023
C,5,8,46.9,0,10/11/2023
C,2,10,18.5,0,10/11/2023
D,7,7,71.3,0,10/11/2023
C,6,10,61.3,0,10/11/2023
D,4,11,65.7,0,10/11/2023
C,6,10,46.8,0,10/11/2023
D,8,8,31.2,0,10/11/2023
C,3,12,71.1,0,10/11/2023
D,5,10,21.2,0,10/11/2023
C,2,6,17.5,1,10/11/2023
D,7,6,17.1,0,10/11/2023
C,2,3,18,0,10/11/2023
C,2,9,24.7,1,10/11/2023
C,2,10,13.6,0,10/11/2023
C,2,9,9.5,1,10/11/2023
C,7,8,80.9,0,10/11/2023
C,4,8,79,0,10/11/2023
C,5,6,102.9,0,10/11/2023
C,4,3,33.9,0,10/11/2023
C,6,4,49.9,1,10/11/2023
C,7,8,43.2,1,10/11/2023
D,6,6,64.1,1,10/11/2023
B,7,4,73.8,0,10/20/2023
A,1,5,105.4,0,10/20/2023
A,1,6,71.1,0,10/20/2023
B,2,6,68.7,0,10/20/2023
A,1,7,45.6,0,10/20/2023
A,1,8,28.4,0,10/20/2023
B,2,6,68.8,0,10/20/2023
A,1,7,34.1,0,10/20/2023
A,1,11,13.7,0,10/20/2023
A,1,8,59.2,0,10/20/2023
A,1,9,55.8,0,10/20/2023
A,1,9,59,0,10/20/2023
B,1,2,47.6,0,10/20/2023
B,1,2,63,0,10/20/2023
B,1,5,20.1,0,10/20/2023
B,1,6,61.5,0,10/20/2023
B,1,9,79.5,0,10/20/2023
B,1,9,70.8,0,10/20/2023
B,1,9,80.3,0,10/20/2023
B,1,8,29.8,0,10/20/2023
B,1,11,110.5,0,10/20/2023
B,1,8,21.5,0,10/20/2023
B,1,10,46.3,0,10/20/2023
B,1,9,50.5,0,10/20/2023
B,1,5,64.7,0,10/20/2023
B,1,6,58.6,0,10/20/2023
B,1,9,16.5,0,10/20/2023
B,1,11,105.8,0,10/20/2023
B,1,16,14.6,0,10/20/2023
B,1,15,60.7,0,10/20/2023
B,1,7,77.8,0,10/20/2023
B,1,8,47.1,0,10/20/2023
B,2,6,31.3,0,10/20/2023
B,2,6,42.1,0,10/20/2023
B,2,10,20.8,0,10/20/2023
A,2,7,51.4,0,10/20/2023
A,2,8,61.8,0,10/20/2023
A,2,8,60.4,1,10/20/2023
D,1,7,49.7,0,10/20/2023
A,2,8,51.6,0,10/20/2023
D,1,5,49.8,0,10/20/2023
D,1,5,18.7,0,10/20/2023
D,1,8,49.3,0,10/20/2023
B,3,6,84.3,1,10/20/2023
B,3,6,47.2,1,10/20/2023
B,3,6,52.5,1,10/20/2023
D,2,6,97.9,0,10/20/2023
D,2,5,60,0,10/20/2023
B,3,7,52.8,0,10/20/2023
B,3,7,42.3,0,10/20/2023
B,3,8,84.7,0,10/20/2023
D,2,4,32.7,0,10/20/2023
D,1,7,67,0,10/20/2023
D,1,8,55.8,0,10/20/2023
D,2,5,46.7,0,10/20/2023
C,1,7,21.4,0,10/20/2023
C,1,7,41.8,0,10/20/2023
D,2,5,45.2,0,10/20/2023
D,2,5,26.8,0,10/20/2023
A,3,6,76.7,0,10/20/2023
D,1,6,56.7,0,10/20/2023
B,3,6,47.7,0,10/20/2023
B,4,9,41.5,0,10/20/2023
B,4,9,52.3,0,10/20/2023
D,1,7,33.2,0,10/20/2023
D,2,7,17.5,0,10/20/2023
D,2,10,45.6,0,10/20/2023
D,2,8,8.8,0,10/20/2023
C,1,6,23.5,0,10/20/2023
D,2,9,25.3,0,10/20/2023
D,1,7,35.8,0,10/20/2023
D,1,5,39.3,0,10/20/2023
D,2,6,13.7,0,10/20/2023
D,2,8,20.7,0,10/20/2023
B,4,6,73.5,0,10/20/2023
A,3,5,44.8,0,10/20/2023
A,3,5,38.1,0,10/20/2023
B,2,8,15.9,0,10/20/2023
A,3,3,21.5,1,10/20/2023
A,3,8,45.4,0,10/20/2023
D,2,8,30.3,0,10/20/2023
C,1,7,62.1,0,10/20/2023
D,2,6,66.2,0,10/20/2023
D,3,5,67,0,10/20/2023
C,2,7,9.2,0,10/20/2023
C,2,10,17.4,0,10/20/2023
C,2,11,17.6,0,10/20/2023
C,2,11,33.5,1,10/20/2023
C,2,7,24.4,0,10/20/2023
D,3,4,34.6,0,10/20/2023
C,2,10,13.7,0,10/20/2023
C,1,7,85.9,1,10/20/2023
D,2,8,34.3,0,10/20/2023
C,1,7,41.3,0,10/20/2023
C,2,12,51.7,0,10/20/2023
C,2,12,15.9,0,10/20/2023
C,2,10,24.4,0,10/20/2023
C,2,6,21.9,0,10/20/2023
C,2,7,14.8,0,10/20/2023
C,2,7,14.2,0,10/20/2023
C,2,6,20.1,1,10/20/2023
C,2,6,26.4,1,10/20/2023
D,2,9,56.6,0,10/20/2023
D,2,5,46.6,1,10/20/2023
D,2,9,62.1,0,10/20/2023
C,2,7,12.9,0,10/20/2023
C,2,7,9.5,0,10/20/2023
A,3,9,70.2,0,10/20/2023
A,3,11,85.6,0,10/20/2023
A,3,10,34.4,0,10/20/2023
A,3,3,23.3,0,10/20/2023
A,3,8,44.9,0,10/20/2023
C,2,9,24.5,0,10/20/2023
C,2,7,13.9,0,10/20/2023
C,2,8,21.6,0,10/20/2023
A,3,10,18.2,0,10/20/2023
A,3,9,17.6,0,10/20/2023
A,3,8,59.8,0,10/20/2023
C,2,9,17,0,10/20/2023
C,2,7,12.1,0,10/20/2023
A,3,9,14.4,0,10/20/2023
D,2,5,20.8,1,10/20/2023
D,2,5,44.5,1,10/20/2023
C,2,10,40.9,0,10/20/2023
C,2,10,37,0,10/20/2023
C,2,8,12.2,0,10/20/2023
D,3,9,17.6,0,10/20/2023
C,3,5,28.9,0,10/20/2023
C,2,10,31.6,0,10/20/2023
C,2,7,24,0,10/20/2023
C,3,6,34.5,0,10/20/2023
B,4,6,39.5,0,10/20/2023
C,4,7,44.4,0,10/20/2023
C,4,7,15.7,0,10/20/2023
B,4,6,40.8,0,10/20/2023
B,4,7,55.6,0,10/20/2023
C,1,9,32.7,0,10/20/2023
B,4,4,13.8,0,10/20/2023
B,4,2,13.3,0,10/20/2023
C,4,4,45.3,0,10/20/2023
C,4,4,59,0,10/20/2023
C,2,9,20.9,0,10/20/2023
C,4,5,43.1,0,10/20/2023
C,2,10,36.9,0,10/20/2023
C,4,6,31.6,0,10/20/2023
C,1,6,22.7,1,10/20/2023
C,2,8,11.4,0,10/20/2023
B,4,6,35.7,0,10/20/2023
B,4,6,41,0,10/20/2023
D,3,11,69.5,1,10/20/2023
D,3,12,59.3,0,10/20/2023
D,3,11,32.6,0,10/20/2023
D,4,6,61,0,10/20/2023
B,4,7,25,0,10/20/2023
D,4,5,52.4,0,10/20/2023
C,2,11,14.8,0,10/20/2023
C,4,6,11.1,0,10/20/2023
C,2,6,15.1,0,10/20/2023
C,2,12,42.2,0,10/20/2023
D,4,6,58,0,10/20/2023
B,5,9,57,0,10/20/2023
D,4,5,81.1,0,10/20/2023
B,5,6,58.2,0,10/20/2023
B,5,3,44.3,0,10/20/2023
D,4,7,77,0,10/20/2023
B,5,5,77.1,0,10/20/2023
B,6,10,88.6,1,10/20/2023
C,3,9,20.5,0,10/20/2023
C,2,7,17.9,0,10/20/2023
C,2,12,32.8,0,10/20/2023
A,4,5,56.6,0,10/20/2023
A,4,5,43,0,10/20/2023
C,4,7,68.7,0,10/20/2023
D,5,7,30.7,0,10/20/2023
A,4,5,24.5,0,10/20/2023
A,4,2,36.4,0,10/20/2023
A,4,5,38,0,10/20/2023
D,4,6,32.3,0,10/20/2023
A,4,6,63.1,0,10/20/2023
D,4,10,34.3,0,10/20/2023
A,4,5,33.9,0,10/20/2023
A,4,8,37.1,0,10/20/2023
D,6,6,53,0,10/20/2023
A,4,10,46.7,0,10/20/2023
D,5,11,30.1,0,10/20/2023
C,4,7,36.2,0,10/20/2023
C,4,8,35.5,0,10/20/2023
D,6,6,65.8,0,10/20/2023
C,4,10,59.3,0,10/20/2023
A,4,6,58,0,10/20/2023
A,4,7,69.9,0,10/20/2023
A,4,6,18,0,10/20/2023
A,5,5,71.2,0,10/20/2023
A,5,5,55.2,0,10/20/2023
A,5,6,91.7,0,10/20/2023
A,5,5,83.5,0,10/20/2023
A,5,3,22.8,0,10/20/2023
D,5,5,57.3,0,10/20/2023
A,5,5,46,0,10/20/2023
A,5,5,45.1,0,10/20/2023
D,5,5,47.7,0,10/20/2023
A,5,8,93.6,0,10/20/2023
A,5,9,41.5,0,10/20/2023
A,8,10,54.6,0,10/20/2023
A,5,12,82.5,0,10/20/2023
A,8,12,45.1,0,10/20/2023
A,5,5,40.8,0,10/20/2023
B,6,6,57.1,0,10/20/2023
B,6,6,31,0,10/20/2023
A,8,12,15.6,0,10/20/2023
A,8,12,38.5,0,10/20/2023
A,7,7,84.6,0,10/20/2023
B,6,10,36.9,0,10/20/2023
B,6,9,99.2,0,10/20/2023
A,5,10,60.1,0,10/20/2023
D,2,14,21,0,10/20/2023
B,7,9,60.2,0,10/20/2023
A,5,6,27.5,0,10/20/2023
B,8,7,60,0,10/20/2023
B,7,9,79.3,0,10/20/2023
B,8,9,67.5,0,10/20/2023
B,8,11,65.2,0,10/20/2023
B,5,6,114.6,0,10/20/2023
A,7,12,43.1,0,10/20/2023
A,7,12,47.1,1,10/20/2023
A,7,7,34,0,10/20/2023
A,7,9,68.3,0,10/20/2023
A,7,7,41.4,0,10/20/2023
B,7,9,49.7,0,10/20/2023
B,7,8,33.8,0,10/20/2023
A,7,11,65,0,10/20/2023
B,8,11,44.7,0,10/20/2023
D,6,5,114.1,0,10/20/2023
D,6,6,48.1,0,10/20/2023
A,8,5,27.6,0,10/20/2023
B,8,5,41,0,10/20/2023
A,8,4,25.4,0,10/20/2023
D,6,6,12.9,0,10/20/2023
D,5,12,28.2,0,10/20/2023
D,5,11,29.5,0,10/20/2023
A,8,5,58.7,0,10/20/2023
D,6,7,51.1,0,10/20/2023
D,8,5,19.6,0,10/20/2023
B,8,5,17.6,0,10/20/2023
C,8,10,56.6,0,10/20/2023
C,8,9,14.6,0,10/20/2023
B,8,5,19.9,0,10/20/2023
B,7,9,64.4,0,10/20/2023
D,6,8,62,0,10/20/2023
A,4,7,85.5,0,10/20/2023
D,7,9,62.6,1,10/20/2023
A,4,8,71.8,0,10/20/2023
B,7,9,70.6,0,10/20/2023
A,6,4,120.5,0,10/20/2023
C,4,9,66.2,0,10/20/2023
A,7,9,52.6,0,10/20/2023
C,4,9,104.8,0,10/20/2023
C,7,2,38.4,0,10/20/2023
C,7,3,42.6,0,10/20/2023
D,7,8,43.6,0,10/20/2023
D,7,9,41.1,0,10/20/2023
A,4,5,51.8,0,10/20/2023
C,6,7,36,0,10/20/2023
A,4,5,67,0,10/20/2023
C,4,14,47.9,0,10/20/2023
A,6,6,80.6,0,10/20/2023
C,6,12,76.1,0,10/20/2023
A,7,8,63,0,10/20/2023
C,6,12,54.8,0,10/20/2023
C,6,8,57,0,10/20/2023
D,5,10,73.2,0,10/20/2023
D,6,12,67.3,0,10/20/2023
D,2,11,38.3,0,10/20/2023
A,7,8,46.7,0,10/20/2023
D,2,10,13.8,0,10/20/2023
D,2,14,18,0,10/20/2023
C,6,12,61.6,0,10/20/2023
D,7,7,18,0,10/20/2023
A,8,12,57,0,10/20/2023
D,6,11,27.9,0,10/20/2023
D,6,11,26.7,0,10/20/2023
D,7,8,32.2,0,10/20/2023
D,6,12,22.8,0,10/20/2023
A,4,6,18.5,0,10/20/2023
B,8,7,54.9,0,10/20/2023
C,7,8,57.5,0,10/20/2023
C,8,8,49.4,0,10/20/2023
C,8,8,56.9,0,10/20/2023
C,7,9,53.3,0,10/20/2023
D,7,10,64,0,10/20/2023
D,8,3,82.3,0,10/20/2023
D,8,5,82.1,0,10/20/2023
D,6,7,47.3,0,10/20/2023
D,6,7,49.4,0,10/20/2023
D,2,10,46.4,0,10/20/2023
D,8,2,59.8,1,10/20/2023
D,2,9,99.1,0,10/20/2023
D,2,10,41.2,0,10/20/2023
D,8,4,64.8,0,10/20/2023
D,8,6,70.2,0,10/20/2023
A,7,6,58.2,0,10/20/2023
D,2,10,24.6,0,10/20/2023
D,8,5,58.7,0,10/20/2023
C,8,8,73.6,0,10/20/2023
C,6,10,81.9,1,10/20/2023
D,8,4,62.5,0,10/20/2023
C,6,9,57,0,10/20/2023
C,6,8,51.3,0,10/20/2023
D,7,11,49.7,0,10/20/2023
D,8,4,37.6,0,10/20/2023
C,8,12,34.7,0,10/20/2023
D,7,9,19.8,0,10/20/2023
D,5,13,21.3,0,10/20/2023
A,7,9,53,0,10/20/2023
B,8,9,53.4,0,10/20/2023
C,8,7,49.7,0,10/20/2023
C,6,8,34.8,0,10/20/2023
B,7,9,36.6,0,10/20/2023
A,7,9,39.9,0,10/20/2023
D,2,10,32.4,0,10/20/2023
C,8,4,24,0,10/20/2023
D,2,6,18.9,0,10/20/2023
C,8,3,12.8,0,10/20/2023
C,8,3,15.1,1,10/20/2023
C,6,4,14.8,1,10/20/2023
C,6,7,11,0,10/20/2023
D,2,6,16.7,0,10/20/2023
D,2,7,13.3,0,10/20/2023
C,8,3,12.9,0,10/20/2023
D,2,7,14.5,0,10/20/2023
C,8,11,12.3,0,10/20/2023
C,7,7,21.9,0,10/20/2023
C,8,10,10.3,0,10/20/2023
C,8,3,20,0,10/20/2023
D,2,7,5.8,0,10/20/2023
D,4,6,18.7,0,10/20/2023
D,8,4,24.1,0,10/20/2023
D,7,10,17.1,0,10/20/2023
